"sci_nostopwords";"sci_withstopwords";"web_nostopwords";"web_withstopwords";"task"
0.974789915966387;0.973611111111111;0.98;0.9775;"C0008778_C0015422"
0.982576321667908;0.932098765432099;0.902665317139001;0.830552981155391;"C0221971_C0018120"
1;0.997782705099778;0.990753911806543;0.947368421052632;"C0324740_C0027960"
1;1;0.967711301044634;0.904054054054054;"C0333463_C0011389"
1;0.984496124031008;0.94017094017094;0.951388888888889;"C0008778_C0015422"
0.972328086164043;0.940208333333333;0.914285714285714;0.902716049382716;"C0221971_C0018120"
0.995904995904996;0.997073170731707;0.998069498069498;0.917307692307692;"C0324740_C0027960"
1;0.997620464009518;0.964092140921409;0.914529914529915;"C0333463_C0011389"
0.985691573926868;0.994553376906318;0.98804347826087;0.951388888888889;"C0008778_C0015422"
0.960155670867309;0.963280060882801;0.925111925111925;0.86013986013986;"C0221971_C0018120"
0.999213217938631;0.998316498316498;0.953804347826087;0.964052287581699;"C0324740_C0027960"
1;1;0.94023569023569;0.979374110953058;"C0333463_C0011389"
0.974242424242424;0.968421052631579;0.967611336032389;0.925757575757576;"C0008778_C0015422"
0.970967082396238;0.956019900497513;0.920117322291235;0.865163572060124;"C0221971_C0018120"
1;0.993589743589744;0.928994082840237;0.879273504273504;"C0324740_C0027960"
1;1;0.984821428571429;0.949760765550239;"C0333463_C0011389"
0.973015873015873;0.968864468864469;0.981351981351981;0.965;"C0008778_C0015422"
0.947405954715636;0.972294372294372;0.838028169014085;0.88972323535722;"C0221971_C0018120"
0.997920997920998;0.979838709677419;0.964523281596452;0.94609375;"C0324740_C0027960"
1;1;0.992424242424242;0.967479674796748;"C0333463_C0011389"
1;0.971014492753623;0.99882491186839;0.983005366726297;"C0008778_C0015422"
0.950986842105263;0.924901185770751;0.902597402597403;0.893137768465165;"C0221971_C0018120"
1;1;0.909598214285714;0.992592592592593;"C0324740_C0027960"
1;1;0.997802197802198;0.939015939015939;"C0333463_C0011389"
0.989130434782609;0.975051975051975;0.989915966386555;0.947731755424063;"C0008778_C0015422"
0.963471283783784;0.951912951912952;0.944324324324324;0.839285714285714;"C0221971_C0018120"
1;1;0.93963963963964;0.978021978021978;"C0324740_C0027960"
1;1;0.983137829912023;0.940860215053763;"C0333463_C0011389"
1;0.990808823529412;0.983630952380952;0.879892037786775;"C0008778_C0015422"
0.967723004694836;0.92774024024024;0.896299902629017;0.851009237085186;"C0221971_C0018120"
0.99586435070306;0.993684210526316;0.990846681922197;0.994444444444444;"C0324740_C0027960"
1;0.998778998778999;0.924731182795699;0.935294117647059;"C0333463_C0011389"
0.970695970695971;0.953373015873016;0.997264021887825;0.923809523809524;"C0008778_C0015422"
0.962448979591837;0.934472934472934;0.84966838614591;0.914563806777217;"C0221971_C0018120"
1;0.996;0.932802829354553;0.980698529411765;"C0324740_C0027960"
0.998027613412229;0.999145299145299;0.966764418377322;0.971232020012508;"C0333463_C0011389"
0.993181818181818;0.995833333333333;0.974193548387097;0.972972972972973;"C0008778_C0015422"
0.954910551296093;0.939210950080515;0.934272300469484;0.896866569827765;"C0221971_C0018120"
1;1;0.986206896551724;0.960185185185185;"C0324740_C0027960"
1;1;0.952032520325203;0.950138504155125;"C0333463_C0011389"
0.983333333333333;1;0.949826989619377;0.947174447174447;"C0008778_C0015422"
0.965296052631579;0.937211093990755;0.899323671497585;0.889080130043985;"C0221971_C0018120"
0.998823529411765;0.983809523809524;0.962162162162162;0.967948717948718;"C0324740_C0027960"
1;0.998373983739837;0.981875;0.963249516441006;"C0333463_C0011389"
1;0.962962962962963;0.951612903225806;0.952314165497896;"C0008778_C0015422"
0.945615796519411;0.968563400070249;0.896745027124774;0.854861111111111;"C0221971_C0018120"
1;0.996059113300493;0.962304409672831;0.933002481389578;"C0324740_C0027960"
1;0.998534798534799;0.993050193050193;0.962566844919786;"C0333463_C0011389"
1;0.988888888888889;0.939473684210526;0.908823529411765;"C0008778_C0015422"
0.947388059701493;0.922456682106708;0.937606837606838;0.81968992248062;"C0221971_C0018120"
1;1;0.991534391534391;0.937782805429864;"C0324740_C0027960"
1;0.993566176470588;0.974340175953079;0.916666666666667;"C0333463_C0011389"
0.984953703703704;0.961647727272727;0.994318181818182;0.953900709219858;"C0008778_C0015422"
0.95789806900918;0.974240177909563;0.906623931623932;0.843478260869565;"C0221971_C0018120"
0.998771498771499;0.998809523809524;0.966599190283401;0.813095238095238;"C0324740_C0027960"
1;1;0.989258861439313;0.885780885780886;"C0333463_C0011389"
0.96849593495935;0.941724941724942;0.955357142857143;0.920454545454545;"C0008778_C0015422"
0.966907775768535;0.935427952329361;0.86010582010582;0.91158267020336;"C0221971_C0018120"
0.993827160493827;0.998257839721254;1;0.912962962962963;"C0324740_C0027960"
1;1;0.988095238095238;0.952678571428571;"C0333463_C0011389"
0.981684981684982;0.97025171624714;0.984520123839009;0.964912280701754;"C0008778_C0015422"
0.956135265700483;0.975779233670836;0.902982026143791;0.854595588235294;"C0221971_C0018120"
0.996012759170654;0.998655913978495;0.936734693877551;0.899113082039911;"C0324740_C0027960"
1;1;0.997425997425997;0.975;"C0333463_C0011389"
0.981944444444445;0.97796817625459;0.947916666666667;0.944444444444444;"C0008778_C0015422"
0.991703646536755;0.940538194444444;0.875576923076923;0.818701510820743;"C0221971_C0018120"
1;0.987068965517241;0.952762923351159;0.92687074829932;"C0324740_C0027960"
1;1;0.985691573926868;0.949066213921901;"C0333463_C0011389"
0.994;0.957026713124274;0.986111111111111;0.909539473684211;"C0008778_C0015422"
0.977432712215321;0.950189753320683;0.929727806440135;0.828214393255044;"C0221971_C0018120"
1;0.989316239316239;0.977554179566563;0.97639751552795;"C0324740_C0027960"
1;0.999285714285714;1;0.949122807017544;"C0333463_C0011389"
0.998188405797101;0.975172413793103;0.989430894308943;0.924382716049383;"C0008778_C0015422"
0.96407430087773;0.941749427043545;0.903637770897833;0.786844135802469;"C0221971_C0018120"
0.999137931034483;0.997668997668998;0.968957871396896;0.910714285714286;"C0324740_C0027960"
1;1;0.994897959183674;0.958974358974359;"C0333463_C0011389"
0.972049689440994;0.971428571428571;0.971794871794872;0.971797884841363;"C0008778_C0015422"
0.976190476190476;0.937225636523266;0.919199406968125;0.804144144144144;"C0221971_C0018120"
1;0.997126436781609;0.984210526315789;0.952069716775599;"C0324740_C0027960"
0.999458874458874;1;0.9830007390983;0.919607843137255;"C0333463_C0011389"
0.98110661268556;1;0.987134502923977;0.932432432432432;"C0008778_C0015422"
0.959920634920635;0.940645773979107;0.887093050103902;0.848543348543349;"C0221971_C0018120"
0.995384615384615;0.9880174291939;0.974696356275304;0.948148148148148;"C0324740_C0027960"
1;1;0.950534759358289;0.95970695970696;"C0333463_C0011389"
1;0.969135802469136;0.992110453648915;0.873278236914601;"C0008778_C0015422"
0.934025203854707;0.902652200120555;0.886120218579235;0.817922374429224;"C0221971_C0018120"
0.996881496881497;0.979838709677419;0.969565217391304;0.927777777777778;"C0324740_C0027960"
1;0.998106060606061;0.97051597051597;0.964594807238395;"C0333463_C0011389"
0.973193473193473;0.997747747747748;0.940711462450593;0.860613810741688;"C0008778_C0015422"
0.955644313643052;0.915851272015656;0.857012750455373;0.850310559006211;"C0221971_C0018120"
0.998484848484849;0.993265993265993;0.97718253968254;0.96969696969697;"C0324740_C0027960"
1;1;0.987878787878788;0.916666666666667;"C0333463_C0011389"
0.982258064516129;0.981914893617021;0.965686274509804;0.89426523297491;"C0008778_C0015422"
0.944618055555556;0.930028129395218;0.849060222477944;0.805353602115003;"C0221971_C0018120"
0.99905303030303;0.991228070175439;0.92125;0.945192307692308;"C0324740_C0027960"
1;0.99146110056926;0.988095238095238;0.923809523809524;"C0333463_C0011389"
0.984320557491289;0.976190476190476;0.981617647058824;0.947619047619048;"C0008778_C0015422"
0.93909938504265;0.921666666666667;0.9070813771518;0.89269717624148;"C0221971_C0018120"
1;0.997685185185185;0.971383147853736;0.919191919191919;"C0324740_C0027960"
1;1;0.995600251414205;0.953654188948307;"C0333463_C0011389"
0.985416666666667;0.942307692307692;0.994152046783626;0.952861952861953;"C0008778_C0015422"
0.948415492957746;0.947250051114292;0.913424657534247;0.875692520775623;"C0221971_C0018120"
0.998998998998999;0.987654320987654;0.96;0.936904761904762;"C0324740_C0027960"
1;1;0.977554179566563;0.949624060150376;"C0333463_C0011389"
0.977142857142857;0.975925925925926;0.936111111111111;0.956937799043062;"C0008778_C0015422"
0.915685896199113;0.968067226890756;0.865922809584781;0.877180978446801;"C0221971_C0018120"
0.996710526315789;0.993761140819964;0.986486486486487;0.955505279034691;"C0324740_C0027960"
1;1;0.983500717360115;0.97037037037037;"C0333463_C0011389"
0.983589743589744;0.981818181818182;0.990277777777778;0.975641025641026;"C0008778_C0015422"
0.9684637068358;0.943312434691745;0.928774928774929;0.781724991162955;"C0221971_C0018120"
0.990783410138249;0.991694352159468;0.944705882352941;0.897360703812317;"C0324740_C0027960"
1;1;0.986070381231672;0.970606629143214;"C0333463_C0011389"
1;0.974358974358974;0.996376811594203;0.855172413793103;"C0008778_C0015422"
0.951505016722408;0.944202898550725;0.880716463414634;0.868985507246377;"C0221971_C0018120"
0.998888888888889;0.998455598455599;0.985142857142857;0.935222672064777;"C0324740_C0027960"
0.999385749385749;0.998366013071895;0.977823977823978;0.939189189189189;"C0333463_C0011389"
0.996983408748115;0.953216374269006;0.978325123152709;0.920731707317073;"C0008778_C0015422"
0.964313725490196;0.93948717948718;0.906884057971014;0.877250692520776;"C0221971_C0018120"
1;0.992063492063492;0.952380952380952;0.862139917695473;"C0324740_C0027960"
1;1;0.97593984962406;0.957644628099174;"C0333463_C0011389"
0.995789473684211;0.982539682539683;0.978395061728395;0.903820816864295;"C0008778_C0015422"
0.954841178721776;0.956794425087108;0.881278538812785;0.852611940298508;"C0221971_C0018120"
1;0.996913580246914;0.977380952380952;0.984848484848485;"C0324740_C0027960"
1;0.997542997542997;0.974305555555556;0.972005208333333;"C0333463_C0011389"
0.994172494172494;0.981481481481481;0.960248447204969;0.880952380952381;"C0008778_C0015422"
0.949140271493213;0.936034115138593;0.914074074074074;0.813666666666667;"C0221971_C0018120"
1;0.995279307631786;0.963382737576286;0.948717948717949;"C0324740_C0027960"
1;1;0.998989898989899;0.980519480519481;"C0333463_C0011389"
0.983268983268983;0.977730646871686;0.971471471471471;0.81951871657754;"C0008778_C0015422"
0.956434108527132;0.97945205479452;0.88836291913215;0.815004659832246;"C0221971_C0018120"
0.998716302952503;0.977941176470588;0.981333333333333;0.981995498874719;"C0324740_C0027960"
1;0.997242647058824;0.995731707317073;0.943488943488944;"C0333463_C0011389"
0.971953578336557;0.973856209150327;0.989583333333333;0.969444444444444;"C0008778_C0015422"
0.972275132275132;0.9304920431681;0.910780098280098;0.837209302325581;"C0221971_C0018120"
1;0.992248062015504;0.973949579831933;0.917355371900826;"C0324740_C0027960"
1;1;0.952743902439024;0.97724039829303;"C0333463_C0011389"
0.977513227513227;0.998498498498498;0.951149425287356;0.988005997001499;"C0008778_C0015422"
0.978618421052632;0.938282647584973;0.921769268856247;0.866615737203972;"C0221971_C0018120"
0.998044965786901;1;0.963427377220481;0.94464609800363;"C0324740_C0027960"
1;1;0.980392156862745;0.938508064516129;"C0333463_C0011389"
0.99537037037037;1;0.952380952380952;0.934491978609626;"C0008778_C0015422"
0.947916666666667;0.957222222222222;0.875492957746479;0.848261327713383;"C0221971_C0018120"
0.996662958843159;0.996415770609319;0.953281423804227;0.9375;"C0324740_C0027960"
1;0.995238095238095;0.951248513674197;0.961860465116279;"C0333463_C0011389"
0.991666666666667;0.963333333333333;0.998251748251748;0.922008547008547;"C0008778_C0015422"
0.9675685693106;0.936454849498328;0.902575820523473;0.833333333333333;"C0221971_C0018120"
1;0.999245852187029;0.95279307631786;0.945238095238095;"C0324740_C0027960"
1;1;0.966588966588967;0.964102564102564;"C0333463_C0011389"
0.9875;0.986568986568987;0.996899224806202;0.977777777777778;"C0008778_C0015422"
0.899831081081081;0.917322114505213;0.866994292961319;0.83132798573975;"C0221971_C0018120"
0.994929006085193;0.985227272727273;0.987096774193548;0.951282051282051;"C0324740_C0027960"
0.999390243902439;0.998050682261209;0.973504273504273;0.977678571428571;"C0333463_C0011389"
0.968325791855204;0.993055555555556;0.944736842105263;0.975232198142415;"C0008778_C0015422"
0.930714285714286;0.95328125;0.914072229140722;0.855714285714286;"C0221971_C0018120"
0.996969696969697;0.98533724340176;0.936945812807882;0.97340930674264;"C0324740_C0027960"
1;1;0.975925925925926;0.972153972153972;"C0333463_C0011389"
0.993788819875776;0.994310099573257;0.971291866028708;0.967836257309941;"C0008778_C0015422"
0.947700063011972;0.95219469795741;0.892350746268657;0.785739374780471;"C0221971_C0018120"
1;0.997515527950311;0.984952120383037;0.935897435897436;"C0324740_C0027960"
1;1;0.976406533575318;0.97005444646098;"C0333463_C0011389"
0.991452991452991;0.963903743315508;0.951578947368421;0.847117794486216;"C0008778_C0015422"
0.964259121370067;0.928915275994865;0.928357650579873;0.765833333333333;"C0221971_C0018120"
1;0.995238095238095;0.971153846153846;0.956709956709957;"C0324740_C0027960"
1;1;0.956818181818182;0.981182795698925;"C0333463_C0011389"
0.977443609022556;0.986842105263158;0.957446808510638;0.939024390243902;"C0008778_C0015422"
0.945175438596491;0.940022213994817;0.899812030075188;0.876808905380334;"C0221971_C0018120"
1;0.991841491841492;0.989583333333333;0.907792207792208;"C0324740_C0027960"
1;0.998455598455599;0.996313364055299;0.975487115021999;"C0333463_C0011389"
0.984722222222222;0.979460847240051;0.997282608695652;0.875;"C0008778_C0015422"
0.958236208236208;0.965998785670917;0.879453189726595;0.848701298701299;"C0221971_C0018120"
1;0.997916666666667;0.945121951219512;0.938709677419355;"C0324740_C0027960"
1;1;0.984126984126984;0.937321937321937;"C0333463_C0011389"
0.984101748807631;0.963235294117647;0.996756756756757;0.964210526315789;"C0008778_C0015422"
0.953830845771144;0.933803693712388;0.900307692307692;0.88780487804878;"C0221971_C0018120"
1;0.998;0.943548387096774;0.938025210084034;"C0324740_C0027960"
1;1;0.978178368121442;0.933531746031746;"C0333463_C0011389"
0.99883855981417;0.995642701525054;0.894736842105263;0.890581717451524;"C0008778_C0015422"
0.950303819444444;0.969268292682927;0.884615384615385;0.839033816425121;"C0221971_C0018120"
0.99630450849963;0.993827160493827;0.990990990990991;0.939814814814815;"C0324740_C0027960"
1;1;0.983682983682984;0.903225806451613;"C0333463_C0011389"
0.986394557823129;0.994708994708995;0.921081081081081;0.965721040189125;"C0008778_C0015422"
0.978461538461538;0.925641025641026;0.90843662534986;0.819120586275816;"C0221971_C0018120"
0.997648902821317;0.991869918699187;0.948308270676692;0.932183908045977;"C0324740_C0027960"
1;0.99926953981008;0.994308943089431;0.975877192982456;"C0333463_C0011389"
0.991452991452991;0.97027027027027;0.988344988344988;0.987513007284079;"C0008778_C0015422"
0.98069403714565;0.928046142754146;0.905271199388846;0.865414710485133;"C0221971_C0018120"
1;0.989858012170385;0.988392857142857;0.897321428571429;"C0324740_C0027960"
0.999375;1;0.998960498960499;0.901797175866496;"C0333463_C0011389"
0.965460526315789;0.997916666666667;0.970394736842105;0.979468599033816;"C0008778_C0015422"
0.960097001763668;0.905590717299578;0.811830985915493;0.860664718772827;"C0221971_C0018120"
0.997879109225875;0.998910675381264;0.957175925925926;0.967032967032967;"C0324740_C0027960"
1;1;0.990842490842491;0.916020671834625;"C0333463_C0011389"
0.960687960687961;0.96239837398374;0.949786324786325;0.874867444326617;"C0008778_C0015422"
0.968344155844156;0.940746753246753;0.861742943272129;0.898076606937366;"C0221971_C0018120"
0.997065297138665;1;0.990641711229947;0.976190476190476;"C0324740_C0027960"
1;1;0.957142857142857;0.949275362318841;"C0333463_C0011389"
0.998701298701299;0.975446428571429;1;0.901960784313726;"C0008778_C0015422"
0.970406504065041;0.939930555555555;0.940117416829746;0.807332585110363;"C0221971_C0018120"
1;0.989182692307692;0.975609756097561;0.911428571428571;"C0324740_C0027960"
1;1;0.9625;0.957317073170732;"C0333463_C0011389"
0.982517482517482;0.964114832535885;0.996491228070175;0.934375;"C0008778_C0015422"
0.970613806294558;0.923630136986301;0.887841832963784;0.781652137816521;"C0221971_C0018120"
1;0.978448275862069;0.975274725274725;0.945112781954887;"C0324740_C0027960"
1;1;0.982215447154472;0.976666666666667;"C0333463_C0011389"
1;1;0.922222222222222;0.884523809523809;"C0008778_C0015422"
0.97010647010647;0.904394576905096;0.942550505050505;0.796086105675147;"C0221971_C0018120"
1;0.999038461538462;0.958119658119658;0.863932898415657;"C0324740_C0027960"
1;0.999131944444444;0.990451388888889;0.96551724137931;"C0333463_C0011389"
1;0.985380116959064;0.983268983268983;0.969907407407407;"C0008778_C0015422"
0.983033095936322;0.943866571018651;0.931645569620253;0.859903381642512;"C0221971_C0018120"
1;1;0.991202346041056;0.963579604578564;"C0324740_C0027960"
1;1;0.982489055659787;0.94758064516129;"C0333463_C0011389"
1;0.973684210526316;0.973429951690821;0.952727272727273;"C0008778_C0015422"
0.949605451936872;0.905551550108147;0.877267678637542;0.848880597014925;"C0221971_C0018120"
0.998842592592593;0.996201329534663;0.946583850931677;0.94054054054054;"C0324740_C0027960"
1;0.999050332383666;0.94551282051282;0.958385093167702;"C0333463_C0011389"
0.997425997425997;0.973333333333333;0.974184782608696;0.885290148448043;"C0008778_C0015422"
0.968413229282794;0.937538651824366;0.890935355724088;0.85993031358885;"C0221971_C0018120"
0.994897959183674;0.986857825567503;0.96734693877551;0.939838591342627;"C0324740_C0027960"
1;1;0.975268817204301;0.95279307631786;"C0333463_C0011389"
0.979437229437229;0.974358974358974;0.990842490842491;0.949786324786325;"C0008778_C0015422"
0.963478260869565;0.959761295822677;0.892067124332571;0.84936974789916;"C0221971_C0018120"
0.988985051140834;1;0.925925925925926;0.959770114942529;"C0324740_C0027960"
1;1;0.977443609022556;0.945221445221445;"C0333463_C0011389"
0.9875;0.949667616334283;0.972;0.96749226006192;"C0008778_C0015422"
0.973160660660661;0.926616915422886;0.947496677004874;0.873944256756757;"C0221971_C0018120"
0.998550724637681;1;0.99194847020934;0.963815789473684;"C0324740_C0027960"
1;1;0.949324324324324;0.912605042016807;"C0333463_C0011389"
0.99862258953168;0.989130434782609;0.930989583333333;0.888198757763975;"C0008778_C0015422"
0.965102974828375;0.946649316851008;0.898732065398732;0.782746478873239;"C0221971_C0018120"
1;1;0.959662288930582;0.972121212121212;"C0324740_C0027960"
1;1;0.989583333333333;0.96171875;"C0333463_C0011389"
0.986068111455108;0.981762917933131;0.972299168975069;0.97;"C0008778_C0015422"
0.96089972671852;0.931759571513589;0.908351648351648;0.922316384180791;"C0221971_C0018120"
1;0.991836734693878;0.98;0.939201451905626;"C0324740_C0027960"
0.997899159663866;0.999436936936937;0.988095238095238;0.924358974358974;"C0333463_C0011389"
0.992647058823529;0.96734693877551;0.914705882352941;0.923076923076923;"C0008778_C0015422"
0.976056338028169;0.962558186601902;0.860846560846561;0.891216216216216;"C0221971_C0018120"
1;0.99575821845175;1;0.948717948717949;"C0324740_C0027960"
1;1;0.995614035087719;0.964433416046319;"C0333463_C0011389"
0.975;0.992424242424242;0.9925;0.960088691796009;"C0008778_C0015422"
0.954017857142857;0.954954954954955;0.885861280487805;0.793957292139936;"C0221971_C0018120"
1;0.990322580645161;0.988095238095238;0.953886693017128;"C0324740_C0027960"
1;0.998778998778999;0.928118393234672;0.972299168975069;"C0333463_C0011389"
0.975659229208925;0.981481481481481;0.971291866028708;0.902439024390244;"C0008778_C0015422"
0.943580470162749;0.954782608695652;0.880929791271347;0.831145966709347;"C0221971_C0018120"
0.995884773662551;1;0.955505279034691;0.932254802831143;"C0324740_C0027960"
1;1;0.991327913279133;0.926724137931034;"C0333463_C0011389"
0.951680672268908;0.984444444444444;0.983333333333333;0.925751879699248;"C0008778_C0015422"
0.956161616161616;0.918806509945751;0.903280542986425;0.844574780058651;"C0221971_C0018120"
1;0.995894909688013;0.994166666666667;0.91019955654102;"C0324740_C0027960"
1;0.998319327731092;0.941707717569787;0.983796296296296;"C0333463_C0011389"
0.979224376731302;0.989429175475687;0.964935064935065;0.986449864498645;"C0008778_C0015422"
0.959207459207459;0.950091575091575;0.883493318275927;0.838585858585859;"C0221971_C0018120"
0.997150997150997;0.996969696969697;0.966751918158568;0.94408201304753;"C0324740_C0027960"
1;0.998780487804878;0.955592105263158;0.966911764705882;"C0333463_C0011389"
0.973251028806584;0.975546975546976;0.99390243902439;0.962585034013606;"C0008778_C0015422"
0.974502487562189;0.944001357542847;0.870436507936508;0.82409381663113;"C0221971_C0018120"
0.999138673557278;0.990740740740741;0.954621848739496;0.923992673992674;"C0324740_C0027960"
1;0.997069597069597;0.959366391184573;0.941609977324263;"C0333463_C0011389"
0.998842592592593;0.996363636363636;0.974712643678161;0.977631578947368;"C0008778_C0015422"
0.913867822318527;0.926398885535175;0.948407756626935;0.864935064935065;"C0221971_C0018120"
1;1;0.926267281105991;0.977079796264856;"C0324740_C0027960"
1;0.997212543554007;0.989147286821705;0.950716845878136;"C0333463_C0011389"
0.955128205128205;0.993872549019608;0.97724039829303;0.936486486486486;"C0008778_C0015422"
0.97723609991942;0.966683325004165;0.887379002233805;0.828571428571429;"C0221971_C0018120"
1;0.994555353901996;0.976041666666667;0.966870095902354;"C0324740_C0027960"
1;0.997755331088664;0.995580808080808;0.985243055555556;"C0333463_C0011389"
0.99604743083004;0.995945945945946;0.953917050691244;0.940656565656566;"C0008778_C0015422"
0.970295358649789;0.919784946236559;0.892188052315306;0.869480056980057;"C0221971_C0018120"
0.995535714285714;1;0.975294117647059;0.994697773064687;"C0324740_C0027960"
1;1;0.972727272727273;0.967247386759582;"C0333463_C0011389"
0.990147783251232;0.959821428571429;0.964473684210526;0.907407407407407;"C0008778_C0015422"
0.953565505804312;0.914860681114551;0.896284271284271;0.873645471273768;"C0221971_C0018120"
1;0.990344827586207;0.971797884841363;0.961111111111111;"C0324740_C0027960"
1;1;0.979390681003584;0.918485237483954;"C0333463_C0011389"
0.990131578947368;0.979347826086957;0.990512333965844;0.758571428571429;"C0008778_C0015422"
0.975990675990676;0.966654966654967;0.881578947368421;0.788813459268005;"C0221971_C0018120"
0.991228070175439;0.99390243902439;0.986583184257603;0.971296296296296;"C0324740_C0027960"
1;1;0.982488479262673;0.943809523809524;"C0333463_C0011389"
0.998333333333333;0.996590909090909;0.945142857142857;0.924019607843137;"C0008778_C0015422"
0.939663865546219;0.970504619758351;0.939383134248529;0.840541490857946;"C0221971_C0018120"
0.99758064516129;0.98692033293698;0.969551282051282;0.892448512585812;"C0324740_C0027960"
1;1;0.985294117647059;0.898809523809524;"C0333463_C0011389"
0.9824016563147;0.99017199017199;0.958333333333333;0.911036036036036;"C0008778_C0015422"
0.97476397966594;0.928115615615616;0.867321428571429;0.8;"C0221971_C0018120"
1;0.995337995337995;0.987777777777778;0.927272727272727;"C0324740_C0027960"
0.997920997920998;1;0.977586206896552;0.960416666666667;"C0333463_C0011389"
0.972299168975069;0.966216216216216;0.998405103668262;0.879487179487179;"C0008778_C0015422"
0.936666666666667;0.960227272727273;0.8801191362621;0.843287671232877;"C0221971_C0018120"
1;0.995098039215686;0.968266253869969;0.912432432432432;"C0324740_C0027960"
1;1;0.996810207336523;0.90297619047619;"C0333463_C0011389"
0.987577639751553;0.996825396825397;1;0.948529411764706;"C0008778_C0015422"
0.963470319634703;0.944833333333333;0.933098591549296;0.833667781493868;"C0221971_C0018120"
0.998677248677249;1;0.960212201591512;0.896520146520146;"C0324740_C0027960"
1;0.998533724340176;0.981944444444445;0.93595041322314;"C0333463_C0011389"
0.994019138755981;0.991228070175439;0.981481481481481;0.944801026957638;"C0008778_C0015422"
0.958857142857143;0.949029535864979;0.912249354774668;0.851674641148325;"C0221971_C0018120"
0.99025974025974;0.985347985347985;0.992631578947368;0.919683257918552;"C0324740_C0027960"
1;1;0.959821428571429;0.962382445141066;"C0333463_C0011389"
0.966386554621849;0.972350230414747;0.913265306122449;0.993142857142857;"C0008778_C0015422"
0.946086956521739;0.889009009009009;0.873639873639874;0.821340821340821;"C0221971_C0018120"
1;1;0.946666666666667;0.939144736842105;"C0324740_C0027960"
1;1;0.963888888888889;0.955311355311355;"C0333463_C0011389"
0.961081081081081;0.947089947089947;0.991516436903499;0.971813725490196;"C0008778_C0015422"
0.937898686679175;0.969421793921423;0.917045700671432;0.839932126696833;"C0221971_C0018120"
0.998682476943346;0.998161764705882;0.980842911877395;0.933159722222222;"C0324740_C0027960"
1;0.998810232004759;0.950406504065041;0.924603174603175;"C0333463_C0011389"
0.959722222222222;1;0.975510204081633;0.96195652173913;"C0008778_C0015422"
0.981921110299489;0.91025641025641;0.941626409017713;0.803462709284627;"C0221971_C0018120"
0.995588235294118;0.997619047619048;0.968484848484849;0.943609022556391;"C0324740_C0027960"
1;1;0.986361156573923;0.929791271347249;"C0333463_C0011389"
0.991304347826087;1;0.957407407407407;0.83843537414966;"C0008778_C0015422"
0.952263374485597;0.944879151451921;0.893186813186813;0.819803921568627;"C0221971_C0018120"
1;0.995495495495496;0.955917874396135;0.924731182795699;"C0324740_C0027960"
1;1;0.98937908496732;0.947368421052632;"C0333463_C0011389"
0.9953125;1;0.998677248677249;0.935064935064935;"C0008778_C0015422"
0.969453734671126;0.901362751460091;0.883179231863442;0.899187306501548;"C0221971_C0018120"
0.997610513739546;1;0.984797297297297;0.958133971291866;"C0324740_C0027960"
1;1;0.982352941176471;0.917307692307692;"C0333463_C0011389"
0.981111111111111;0.944444444444444;0.986111111111111;0.918796992481203;"C0008778_C0015422"
0.985471149854712;0.958658008658009;0.899146317252333;0.863654699475595;"C0221971_C0018120"
0.997557997557998;1;0.984775641025641;0.932352941176471;"C0324740_C0027960"
1;1;0.958448753462604;0.919028340080972;"C0333463_C0011389"
0.996662958843159;0.991400491400491;0.979166666666667;0.979437229437229;"C0008778_C0015422"
0.942538307794804;0.95500700280112;0.92214790040877;0.860610465116279;"C0221971_C0018120"
0.996794871794872;0.99859747545582;0.925223214285714;0.923076923076923;"C0324740_C0027960"
1;0.9994301994302;0.977587343441002;0.93452380952381;"C0333463_C0011389"
0.957792207792208;0.961038961038961;0.9375;0.949392712550607;"C0008778_C0015422"
0.95303605313093;0.948304093567252;0.904364326375712;0.852813852813853;"C0221971_C0018120"
0.998888888888889;0.998207885304659;0.956577266922094;0.963541666666667;"C0324740_C0027960"
1;0.999385749385749;0.970138888888889;0.962887989203779;"C0333463_C0011389"
0.964809384164223;0.996710526315789;0.987197724039829;0.991626794258373;"C0008778_C0015422"
0.972649572649573;0.953366406803685;0.862348178137652;0.836279275298277;"C0221971_C0018120"
0.994897959183674;0.997354497354497;0.957894736842105;0.899159663865546;"C0324740_C0027960"
1;1;0.996621621621622;0.947923533289387;"C0333463_C0011389"
1;0.995934959349593;0.975510204081633;0.951058201058201;"C0008778_C0015422"
0.967045454545455;0.921760797342193;0.858070175438596;0.921184619058992;"C0221971_C0018120"
0.998979591836735;0.998556998556999;0.982291666666667;0.854838709677419;"C0324740_C0027960"
1;0.998410174880763;0.98875;0.873456790123457;"C0333463_C0011389"
0.98970398970399;0.933786078098472;0.988;0.903409090909091;"C0008778_C0015422"
0.956423611111111;0.95018115942029;0.814445828144458;0.805882352941176;"C0221971_C0018120"
1;0.991269841269841;0.985087719298246;0.909090909090909;"C0324740_C0027960"
1;1;0.954621848739496;0.924903722721438;"C0333463_C0011389"
0.991228070175439;0.947314049586777;0.958152958152958;0.929142857142857;"C0008778_C0015422"
0.973189823874755;0.942356418918919;0.928388746803069;0.87037037037037;"C0221971_C0018120"
1;1;0.95578231292517;0.943486590038314;"C0324740_C0027960"
1;0.99910394265233;0.982800982800983;0.968918918918919;"C0333463_C0011389"
1;0.996567505720824;0.998529411764706;0.863636363636364;"C0008778_C0015422"
0.970898980537535;0.94480755265069;0.939227439227439;0.900713213213213;"C0221971_C0018120"
1;1;0.962068965517241;0.973715651135006;"C0324740_C0027960"
1;1;0.948741845293569;0.943173943173943;"C0333463_C0011389"
0.965;0.977455716586151;0.978535353535354;0.924675324675325;"C0008778_C0015422"
0.960606060606061;0.949430894308943;0.895042194092827;0.830952380952381;"C0221971_C0018120"
0.999099099099099;0.995652173913044;0.974603174603175;0.941935483870968;"C0324740_C0027960"
0.999128160418483;0.998613998613999;0.995951417004049;0.976608187134503;"C0333463_C0011389"
0.995555555555556;0.995421245421245;0.96415770609319;0.956896551724138;"C0008778_C0015422"
0.982745798006842;0.883000224567707;0.903663500678426;0.879129734085415;"C0221971_C0018120"
0.999074930619796;0.995126705653021;0.949741315594974;0.885416666666667;"C0324740_C0027960"
1;0.999342105263158;1;0.912195121951219;"C0333463_C0011389"
0.992297817715019;0.948306595365419;0.979619565217391;0.940972222222222;"C0008778_C0015422"
0.940645161290323;0.922339593114241;0.874583610926049;0.818001443001443;"C0221971_C0018120"
0.993265993265993;0.978260869565217;0.967611336032389;0.963133640552995;"C0324740_C0027960"
0.998498498498498;1;0.952287581699346;0.979464285714286;"C0333463_C0011389"
0.982954545454545;0.990990990990991;0.964114832535885;0.930672268907563;"C0008778_C0015422"
0.968838951310861;0.953547297297297;0.87851617440225;0.903912742382271;"C0221971_C0018120"
0.998426435877262;0.989771833202203;0.96606334841629;0.975260416666667;"C0324740_C0027960"
0.998883928571429;1;0.98221906116643;0.958333333333333;"C0333463_C0011389"
0.978744939271255;0.974937343358396;1;0.907004830917874;"C0008778_C0015422"
0.95959595959596;0.942285714285714;0.860634328358209;0.883347602739726;"C0221971_C0018120"
0.997942386831276;0.997975708502024;0.972972972972973;0.949016100178891;"C0324740_C0027960"
1;1;0.924418604651163;0.920833333333333;"C0333463_C0011389"
0.986631016042781;0.979365079365079;0.903010033444816;0.831746031746032;"C0008778_C0015422"
0.968364197530864;0.935810810810811;0.955189226840028;0.76128364389234;"C0221971_C0018120"
1;0.990151515151515;0.981351981351981;0.902857142857143;"C0324740_C0027960"
1;1;0.982265446224256;0.962563811684628;"C0333463_C0011389"
0.982291666666667;0.999013806706114;1;0.93048128342246;"C0008778_C0015422"
0.971717171717172;0.917207792207792;0.892534722222222;0.784615384615385;"C0221971_C0018120"
1;0.98960498960499;0.96969696969697;0.927777777777778;"C0324740_C0027960"
1;1;0.958646616541353;0.964092140921409;"C0333463_C0011389"
0.995652173913044;0.966165413533835;0.997442455242967;0.861042183622829;"C0008778_C0015422"
0.97191722972973;0.953791220331863;0.875190258751903;0.879458569599415;"C0221971_C0018120"
1;0.991228070175439;0.928656361474435;0.947;"C0324740_C0027960"
0.998917748917749;1;0.981203007518797;0.927125506072874;"C0333463_C0011389"
0.983870967741935;0.978723404255319;0.976454293628809;0.9;"C0008778_C0015422"
0.983768656716418;0.941975308641975;0.896538461538462;0.779121863799283;"C0221971_C0018120"
0.998511904761905;0.985380116959064;0.973873873873874;0.911486486486486;"C0324740_C0027960"
1;1;0.981527093596059;0.973925299506695;"C0333463_C0011389"
0.962566844919786;0.972916666666667;0.977564102564103;0.955337690631808;"C0008778_C0015422"
0.959294660514173;0.95113893235959;0.837235996326905;0.777144666033555;"C0221971_C0018120"
0.998387096774194;0.991891891891892;0.974826388888889;0.919642857142857;"C0324740_C0027960"
1;0.997674418604651;1;0.930049261083744;"C0333463_C0011389"
0.97984496124031;0.985380116959064;0.948863636363636;0.986583184257603;"C0008778_C0015422"
0.96594427244582;0.897260273972603;0.875951293759513;0.856802941812676;"C0221971_C0018120"
0.997942386831276;0.988333333333333;0.935515873015873;0.920498084291188;"C0324740_C0027960"
1;0.998376623376623;0.972043010752688;0.903361344537815;"C0333463_C0011389"
0.99616368286445;0.967532467532467;0.965579710144927;0.892;"C0008778_C0015422"
0.988610038610039;0.928922428922429;0.925577751664708;0.898514373914721;"C0221971_C0018120"
1;0.9984375;0.98974358974359;0.956730769230769;"C0324740_C0027960"
1;1;0.971109040074557;0.946801346801347;"C0333463_C0011389"
0.983333333333333;0.937728937728938;1;0.93343653250774;"C0008778_C0015422"
0.950802139037433;0.940298507462687;0.854807692307692;0.829022197761879;"C0221971_C0018120"
1;0.99910394265233;0.947890818858561;0.951149425287356;"C0324740_C0027960"
1;1;0.969387755102041;0.991202346041056;"C0333463_C0011389"
0.996732026143791;0.97625;0.961988304093567;0.983159582999198;"C0008778_C0015422"
0.975398475398475;0.961544809374484;0.908552765870586;0.887394957983193;"C0221971_C0018120"
1;1;0.991505791505791;0.864197530864198;"C0324740_C0027960"
1;0.994186046511628;0.980555555555556;0.974358974358974;"C0333463_C0011389"
0.9875;0.994666666666667;0.967418546365915;0.946356275303644;"C0008778_C0015422"
0.967110125646711;0.955486542443064;0.908255086071987;0.8087899543379;"C0221971_C0018120"
1;0.996101364522417;0.940966010733453;0.981854838709677;"C0324740_C0027960"
1;0.999354005167959;0.966613672496025;0.952702702702703;"C0333463_C0011389"
0.970496894409938;0.9859375;0.987771739130435;0.913602941176471;"C0008778_C0015422"
0.964131455399061;0.921047411227931;0.897967011891063;0.876399253731343;"C0221971_C0018120"
0.999074074074074;0.989352989352989;0.982564102564103;0.968239564428312;"C0324740_C0027960"
1;1;0.986080586080586;0.950450450450451;"C0333463_C0011389"
0.984126984126984;0.995421245421245;0.985897435897436;0.904761904761905;"C0008778_C0015422"
0.968433591423466;0.941845354126056;0.884986993682646;0.858108108108108;"C0221971_C0018120"
0.996825396825397;1;0.968864468864469;0.944664031620553;"C0324740_C0027960"
1;1;0.959523809523809;0.978129713423831;"C0333463_C0011389"
0.974867724867725;0.98578811369509;0.993236714975845;0.853947368421053;"C0008778_C0015422"
0.963969938107869;0.926873489121676;0.887254901960784;0.876400791034937;"C0221971_C0018120"
0.997435897435897;0.991106719367589;0.998357963875205;0.942857142857143;"C0324740_C0027960"
0.999358974358974;1;0.968013468013468;0.935483870967742;"C0333463_C0011389"
0.97364953886693;0.963076923076923;0.990950226244344;0.955703211517165;"C0008778_C0015422"
0.975358422939068;0.91510172143975;0.906041447137337;0.827586206896552;"C0221971_C0018120"
1;0.982510288065844;0.979166666666667;0.875259875259875;"C0324740_C0027960"
1;1;0.978195488721805;0.956081081081081;"C0333463_C0011389"
0.982432432432433;0.980694980694981;0.993939393939394;0.835087719298246;"C0008778_C0015422"
0.937295751633987;0.946352941176471;0.906737723639132;0.881381381381381;"C0221971_C0018120"
0.997278911564626;1;0.963541666666667;0.921497584541063;"C0324740_C0027960"
1;0.999107142857143;0.978705978705979;0.935658914728682;"C0333463_C0011389"
0.967441860465116;1;0.9828125;0.89375;"C0008778_C0015422"
0.954044117647059;0.959841628959276;0.954901960784314;0.801369863013699;"C0221971_C0018120"
1;0.977713178294574;0.973684210526316;0.933114035087719;"C0324740_C0027960"
1;0.999108734402852;0.974342105263158;0.946122448979592;"C0333463_C0011389"
0.975;0.973684210526316;0.986764705882353;0.916666666666667;"C0008778_C0015422"
0.925;0.942880658436214;0.898354876615746;0.892358909321497;"C0221971_C0018120"
1;0.996305418719212;0.978675645342312;0.978557504873294;"C0324740_C0027960"
1;0.999285714285714;0.975579975579976;0.891705069124424;"C0333463_C0011389"
0.951315789473684;0.975510204081633;0.886201991465149;0.915204678362573;"C0008778_C0015422"
0.925735294117647;0.937692307692308;0.892659279778393;0.835262206148282;"C0221971_C0018120"
0.996273291925466;1;0.943010752688172;0.985;"C0324740_C0027960"
1;1;0.9873046875;0.963133640552995;"C0333463_C0011389"
0.988505747126437;0.998263888888889;1;0.943977591036415;"C0008778_C0015422"
0.966299523261549;0.948034769463341;0.905882352941176;0.833513903936439;"C0221971_C0018120"
0.999051233396584;0.99213217938631;0.979128856624319;0.968142968142968;"C0324740_C0027960"
1;1;1;0.928743961352657;"C0333463_C0011389"
0.998168498168498;0.989702517162471;0.991666666666667;0.909722222222222;"C0008778_C0015422"
0.947570332480818;0.938722294654498;0.910015649452269;0.848150551589877;"C0221971_C0018120"
1;0.989087301587302;0.954393770856507;0.968146718146718;"C0324740_C0027960"
1;0.998387096774194;0.967699406723797;0.936100131752306;"C0333463_C0011389"
0.987037037037037;0.997685185185185;0.982057416267943;0.937254901960784;"C0008778_C0015422"
0.985535714285714;0.894513916901977;0.900780379041249;0.8969513282225;"C0221971_C0018120"
1;0.984738372093023;0.96875;0.977855477855478;"C0324740_C0027960"
1;1;0.986231884057971;0.917391304347826;"C0333463_C0011389"
0.972332015810277;0.997607655502392;0.98875;0.957175925925926;"C0008778_C0015422"
0.948692152917505;0.931488801054018;0.879876160990712;0.910697887970615;"C0221971_C0018120"
1;0.990384615384615;0.966666666666667;0.895614035087719;"C0324740_C0027960"
1;0.997794117647059;0.96594427244582;0.981351981351981;"C0333463_C0011389"
0.998759305210918;0.996411483253589;0.992857142857143;0.980480480480481;"C0008778_C0015422"
0.970215934475056;0.973158089596446;0.905555555555556;0.799019607843137;"C0221971_C0018120"
1;0.996732026143791;0.967741935483871;0.96078431372549;"C0324740_C0027960"
1;1;0.948350071736011;0.960416666666667;"C0333463_C0011389"
0.983529411764706;1;0.995065789473684;0.971380471380471;"C0008778_C0015422"
0.967647058823529;0.956586578293289;0.899530516431925;0.849960876369327;"C0221971_C0018120"
0.99465811965812;1;0.967857142857143;0.950757575757576;"C0324740_C0027960"
1;1;0.985994397759104;0.979580260918888;"C0333463_C0011389"
0.97008547008547;1;0.978693181818182;0.96969696969697;"C0008778_C0015422"
0.954022988505747;0.949356782283016;0.905583214793741;0.854280821917808;"C0221971_C0018120"
0.998974358974359;0.994929006085193;0.993103448275862;0.904336734693878;"C0324740_C0027960"
1;1;0.965062623599209;0.984459984459984;"C0333463_C0011389"
0.9875;0.977106227106227;0.986928104575163;0.968102073365231;"C0008778_C0015422"
0.96082304526749;0.935009057971014;0.912727272727273;0.857958251793868;"C0221971_C0018120"
1;0.983430799220273;0.999068033550792;0.94453781512605;"C0324740_C0027960"
0.999202551834131;0.998198198198198;0.975357710651828;0.949519230769231;"C0333463_C0011389"
0.978070175438597;1;0.994490358126722;0.939393939393939;"C0008778_C0015422"
0.960485133020344;0.962567811934901;0.932193158953722;0.77151799687011;"C0221971_C0018120"
0.996336996336996;0.995341614906832;0.967142857142857;0.959047619047619;"C0324740_C0027960"
1;1;0.969017094017094;0.980952380952381;"C0333463_C0011389"
0.978021978021978;0.991228070175439;0.987577639751553;0.95;"C0008778_C0015422"
0.967105263157895;0.950911640953717;0.920512820512821;0.879233664043791;"C0221971_C0018120"
0.999134948096886;0.996124031007752;0.972268907563025;0.952380952380952;"C0324740_C0027960"
1;1;0.980263157894737;0.971306471306471;"C0333463_C0011389"
0.983579638752053;1;0.953703703703704;0.911278195488722;"C0008778_C0015422"
0.98512077294686;0.970301850048686;0.933710859427049;0.815413533834586;"C0221971_C0018120"
1;1;0.947916666666667;0.970526315789474;"C0324740_C0027960"
0.99926953981008;1;0.958152958152958;0.95131845841785;"C0333463_C0011389"
0.989459815546772;0.975490196078431;0.959514170040486;0.913229018492176;"C0008778_C0015422"
0.971991892389902;0.91749237804878;0.939366998577525;0.82875816993464;"C0221971_C0018120"
0.997849462365591;1;0.94331983805668;0.927083333333333;"C0324740_C0027960"
1;1;0.996527777777778;0.95763330898466;"C0333463_C0011389"
0.981191222570533;0.986842105263158;0.921428571428571;0.900537634408602;"C0008778_C0015422"
0.969846153846154;0.954589216944801;0.920950801547816;0.814090019569472;"C0221971_C0018120"
0.998015873015873;0.998614958448753;0.97025171624714;0.968468468468468;"C0324740_C0027960"
1;1;0.951612903225806;0.960061443932412;"C0333463_C0011389"
0.96875;0.979555555555556;0.979757085020243;0.92550505050505;"C0008778_C0015422"
0.963603603603604;0.958274730426629;0.937427845763103;0.820591715976331;"C0221971_C0018120"
1;0.997971602434077;0.966010733452594;0.94017094017094;"C0324740_C0027960"
1;0.999080882352941;0.958914728682171;0.947751322751323;"C0333463_C0011389"
0.977203647416413;0.979166666666667;1;0.922932330827068;"C0008778_C0015422"
0.969924812030075;0.944083694083694;0.885820603211908;0.894155844155844;"C0221971_C0018120"
0.996598639455782;0.990384615384615;0.97601323407775;0.956349206349206;"C0324740_C0027960"
1;0.994960806270997;0.951428571428571;0.920278637770898;"C0333463_C0011389"
0.995934959349593;0.944055944055944;0.955555555555555;0.993243243243243;"C0008778_C0015422"
0.952093397745572;0.944336254462837;0.914661319073084;0.846584362139918;"C0221971_C0018120"
0.999134199134199;0.998939554612937;0.988416988416988;0.91578947368421;"C0324740_C0027960"
1;1;0.9697265625;0.971652003910068;"C0333463_C0011389"
0.973544973544973;0.971326164874552;0.92687074829932;0.918546365914787;"C0008778_C0015422"
0.981357352325094;0.925636007827789;0.90238683127572;0.841468334005647;"C0221971_C0018120"
1;0.998260869565217;0.986895161290323;0.931972789115646;"C0324740_C0027960"
1;1;0.975975975975976;0.957300275482094;"C0333463_C0011389"
1;0.967320261437909;0.981617647058824;0.922143579373104;"C0008778_C0015422"
0.971794871794872;0.925945945945946;0.862580834803057;0.869929453262787;"C0221971_C0018120"
0.998873873873874;0.991724137931034;0.953571428571429;0.966216216216216;"C0324740_C0027960"
1;1;0.988269794721408;0.937376400791035;"C0333463_C0011389"
0.984088127294982;0.936868686868687;0.974444444444444;0.961722488038278;"C0008778_C0015422"
0.980482456140351;0.965024154589372;0.952270531400966;0.864829179732629;"C0221971_C0018120"
0.99764982373678;1;0.948024948024948;0.955172413793103;"C0324740_C0027960"
0.999034749034749;0.999360613810742;0.963434022257552;0.952620967741935;"C0333463_C0011389"
0.988095238095238;1;0.980263157894737;0.910427807486631;"C0008778_C0015422"
0.952795031055901;0.914381153305204;0.883388157894737;0.843070362473348;"C0221971_C0018120"
1;0.997150997150997;0.973973973973974;0.953781512605042;"C0324740_C0027960"
1;1;0.985221674876847;0.947035957240039;"C0333463_C0011389"
0.991683991683992;0.96141975308642;0.983739837398374;0.927849927849928;"C0008778_C0015422"
0.940526315789474;0.943629343629344;0.852037037037037;0.829065040650407;"C0221971_C0018120"
0.998989898989899;0.993103448275862;0.953535353535353;0.958843159065629;"C0324740_C0027960"
1;0.999288762446657;0.975;1;"C0333463_C0011389"
0.982857142857143;0.973529411764706;0.990599294947121;0.895959595959596;"C0008778_C0015422"
0.9426614481409;0.951684792298092;0.88056338028169;0.808792146820316;"C0221971_C0018120"
0.994755244755245;0.998251748251748;0.961096374889478;0.916346153846154;"C0324740_C0027960"
1;1;0.981081081081081;0.994047619047619;"C0333463_C0011389"
0.982325581395349;0.994871794871795;0.983783783783784;0.882271468144044;"C0008778_C0015422"
0.985457328740911;0.967063492063492;0.911134453781513;0.857323232323232;"C0221971_C0018120"
0.989769820971867;0.999186991869919;0.974545454545455;0.923344947735192;"C0324740_C0027960"
0.999260901699926;1;0.976814516129032;0.9453125;"C0333463_C0011389"
0.990476190476191;1;0.925925925925926;0.915697674418605;"C0008778_C0015422"
0.951816299642387;0.953685897435897;0.852018745493872;0.784952380952381;"C0221971_C0018120"
1;1;0.963736263736264;0.912280701754386;"C0324740_C0027960"
1;0.998534798534799;0.994375;0.888235294117647;"C0333463_C0011389"
0.960526315789474;0.976470588235294;0.976890756302521;0.95679012345679;"C0008778_C0015422"
0.957257931941476;0.945508727117923;0.940918236692885;0.762176560121766;"C0221971_C0018120"
0.998084291187739;0.997714285714286;0.951298701298701;0.966230936819172;"C0324740_C0027960"
1;0.996124031007752;0.99024024024024;0.920222634508349;"C0333463_C0011389"
0.99390243902439;0.995951417004049;0.953168044077135;0.978048780487805;"C0008778_C0015422"
0.958830409356725;0.968695652173913;0.8619029988893;0.865904365904366;"C0221971_C0018120"
0.997560975609756;1;0.994666666666667;0.949233716475096;"C0324740_C0027960"
1;0.998639455782313;0.989060489060489;0.996347699050402;"C0333463_C0011389"
0.975675675675676;0.995652173913044;0.990196078431373;0.961916461916462;"C0008778_C0015422"
0.948994252873563;0.948151629072682;0.890512048192771;0.871064814814815;"C0221971_C0018120"
1;0.996638655462185;0.957307060755337;0.9525;"C0324740_C0027960"
1;1;0.994755244755245;0.936842105263158;"C0333463_C0011389"
0.977297297297297;0.975490196078431;0.982176360225141;0.939153439153439;"C0008778_C0015422"
0.977600888559793;0.930587337909992;0.921646090534979;0.810853530031612;"C0221971_C0018120"
1;0.994425863991081;0.969155844155844;0.889795918367347;"C0324740_C0027960"
1;1;0.974836905871389;0.94017094017094;"C0333463_C0011389"
0.995951417004049;0.922077922077922;0.960344827586207;0.935862691960253;"C0008778_C0015422"
0.958941027266963;0.952012091441527;0.888678848981306;0.845649237893112;"C0221971_C0018120"
0.997536945812808;0.994565217391304;0.981418918918919;0.941647597254005;"C0324740_C0027960"
1;1;0.989730423620026;0.957236842105263;"C0333463_C0011389"
0.942970822281167;0.972222222222222;0.98125;0.913235294117647;"C0008778_C0015422"
0.964170692431562;0.963950368879946;0.932359307359307;0.850480769230769;"C0221971_C0018120"
0.995670995670996;0.998939554612937;0.9609375;0.95016339869281;"C0324740_C0027960"
1;1;0.975579975579976;0.951704545454545;"C0333463_C0011389"
0.953346855983773;0.996666666666667;0.975555555555556;0.938196555217832;"C0008778_C0015422"
0.970642883686362;0.955223880597015;0.924317617866005;0.79625;"C0221971_C0018120"
0.996031746031746;0.992592592592593;0.976344086021505;0.958518518518519;"C0324740_C0027960"
1;1;0.955400696864112;0.928451178451178;"C0333463_C0011389"
0.98452380952381;0.976315789473684;0.977272727272727;0.927125506072874;"C0008778_C0015422"
0.971581196581197;0.958116319444444;0.883909517712335;0.874183006535948;"C0221971_C0018120"
0.998256320836966;0.992143658810325;0.980952380952381;0.910628019323672;"C0324740_C0027960"
1;1;0.996612466124661;0.944744744744745;"C0333463_C0011389"
0.983660130718954;1;0.985882352941176;0.928571428571429;"C0008778_C0015422"
0.966666666666667;0.938319572608062;0.847136150234742;0.827978580990629;"C0221971_C0018120"
0.999019607843137;0.997384481255449;0.970959595959596;0.925770308123249;"C0324740_C0027960"
0.999242424242424;0.997979797979798;0.977989292088043;0.982630272952854;"C0333463_C0011389"
0.955882352941176;0.97456279809221;0.973352033660589;0.958333333333333;"C0008778_C0015422"
0.975457317073171;0.932571428571429;0.921216475095785;0.870731707317073;"C0221971_C0018120"
0.998677248677249;0.986285714285714;0.935714285714286;0.951152073732719;"C0324740_C0027960"
1;0.998837209302326;0.986842105263158;0.958771929824561;"C0333463_C0011389"
0.995454545454545;0.979405034324943;0.917763157894737;0.976923076923077;"C0008778_C0015422"
0.965034965034965;0.96271891798162;0.917001338688086;0.818077803203661;"C0221971_C0018120"
0.996539792387543;0.99702380952381;0.953086419753086;0.955301455301455;"C0324740_C0027960"
1;1;0.994791666666667;0.934571175950486;"C0333463_C0011389"
0.98536036036036;0.95046439628483;0.952657004830918;0.979787234042553;"C0008778_C0015422"
0.924491392801252;0.978521671826625;0.847207586933614;0.795833333333333;"C0221971_C0018120"
1;0.995951417004049;0.955357142857143;0.924731182795699;"C0324740_C0027960"
1;0.999354005167959;0.958754208754209;0.922727272727273;"C0333463_C0011389"
0.992105263157895;0.950320512820513;0.998412698412698;0.949090909090909;"C0008778_C0015422"
0.979102167182663;0.968283973955052;0.88168449197861;0.821333333333333;"C0221971_C0018120"
1;0.987012987012987;0.951636904761905;0.875294117647059;"C0324740_C0027960"
1;0.998959417273673;0.990909090909091;0.938953488372093;"C0333463_C0011389"
1;0.998355263157895;0.992599444958372;0.990476190476191;"C0008778_C0015422"
0.960863460863461;0.972983257229833;0.889632879242669;0.866287878787879;"C0221971_C0018120"
0.999177631578947;0.98936170212766;0.98984375;0.971428571428571;"C0324740_C0027960"
1;1;0.982732732732733;0.953506097560976;"C0333463_C0011389"
0.999158249158249;0.963529411764706;0.994134897360704;0.908928571428571;"C0008778_C0015422"
0.986999657885734;0.941675695196822;0.877782193958665;0.803084415584416;"C0221971_C0018120"
1;0.999013806706114;0.967105263157895;0.915948275862069;"C0324740_C0027960"
1;1;0.96728307254623;0.908653846153846;"C0333463_C0011389"
0.93984962406015;0.964438122332859;0.934173669467787;0.9953125;"C0008778_C0015422"
0.960707720588235;0.901709401709402;0.9128125;0.861239288068556;"C0221971_C0018120"
0.999038461538462;0.990243902439024;0.983333333333333;0.920634920634921;"C0324740_C0027960"
0.999338624338624;1;0.950537634408602;0.963235294117647;"C0333463_C0011389"
0.963709677419355;0.98015873015873;0.9921875;0.936216216216216;"C0008778_C0015422"
0.9569573283859;0.925765095119934;0.886085075702956;0.855796586059744;"C0221971_C0018120"
1;0.986486486486487;0.967532467532467;0.959649122807018;"C0324740_C0027960"
1;1;0.992359932088285;0.940966010733453;"C0333463_C0011389"
0.954166666666667;0.968421052631579;0.948148148148148;0.907608695652174;"C0008778_C0015422"
0.975927290591992;0.945485232067511;0.892295280354982;0.793720190779014;"C0221971_C0018120"
0.998268398268398;0.999145299145299;0.939422180801491;0.964869281045752;"C0324740_C0027960"
0.999288762446657;0.999340804218853;1;0.993589743589744;"C0333463_C0011389"
0.997948717948718;0.959219858156028;0.978888888888889;0.93375;"C0008778_C0015422"
0.98715831957439;0.98037100949094;0.865575982459099;0.774306774306774;"C0221971_C0018120"
1;0.992929292929293;0.980357142857143;0.887830687830688;"C0324740_C0027960"
1;1;1;0.952525252525253;"C0333463_C0011389"
0.998650472334683;0.979220779220779;0.983072916666667;0.934873949579832;"C0008778_C0015422"
0.952988199467073;0.961461349966585;0.926693817104776;0.90065451145395;"C0221971_C0018120"
1;1;0.953142857142857;0.979591836734694;"C0324740_C0027960"
1;1;0.949810606060606;0.938383838383838;"C0333463_C0011389"
0.991830065359477;0.973684210526316;1;0.842105263157895;"C0008778_C0015422"
0.983376623376623;0.897731064397731;0.919311145510836;0.832246376811594;"C0221971_C0018120"
0.998565279770445;0.999183006535948;0.963748894783378;0.889452332657201;"C0324740_C0027960"
0.997979797979798;0.999269005847953;0.969078947368421;0.95777027027027;"C0333463_C0011389"
0.969040247678019;1;0.992740471869328;0.921122994652406;"C0008778_C0015422"
0.953254437869822;0.949094202898551;0.875210437710438;0.85921926910299;"C0221971_C0018120"
1;0.996168582375479;0.950980392156863;0.957894736842105;"C0324740_C0027960"
1;1;0.981684981684982;0.958333333333333;"C0333463_C0011389"
0.968292682926829;0.996314496314496;0.93681917211329;0.852490421455939;"C0008778_C0015422"
0.973893065998329;0.888136103583258;0.893962848297214;0.927414021164021;"C0221971_C0018120"
0.996336996336996;0.981730769230769;0.971774193548387;0.885683760683761;"C0324740_C0027960"
1;1;0.979638009049774;0.971428571428571;"C0333463_C0011389"
0.944444444444444;0.990208078335373;0.945945945945946;0.908950617283951;"C0008778_C0015422"
0.960616438356164;0.955409356725146;0.890408587257618;0.87012987012987;"C0221971_C0018120"
1;0.994210090984285;0.988304093567251;0.948051948051948;"C0324740_C0027960"
1;0.998207885304659;0.992213570634038;0.945121951219512;"C0333463_C0011389"
0.985093167701863;0.988095238095238;0.986175115207373;0.973072215422277;"C0008778_C0015422"
0.945875251509054;0.945382882882883;0.898177247014456;0.875779920589904;"C0221971_C0018120"
0.99702380952381;0.967332123411978;0.983805668016194;0.904838709677419;"C0324740_C0027960"
1;1;0.956706281833616;0.965373961218837;"C0333463_C0011389"
0.99749373433584;0.974358974358974;0.987528344671202;0.940350877192982;"C0008778_C0015422"
0.939693424768052;0.926386013342535;0.930278491013233;0.894836670179136;"C0221971_C0018120"
1;0.992;0.962355212355212;0.881656804733728;"C0324740_C0027960"
1;0.998511904761905;0.976152623211447;0.973626373626374;"C0333463_C0011389"
0.993006993006993;0.988038277511962;1;0.938879456706282;"C0008778_C0015422"
0.948763955342903;0.910610328638498;0.879777365491651;0.766155758077879;"C0221971_C0018120"
0.999078341013825;0.987373737373737;0.954627949183303;0.891428571428571;"C0324740_C0027960"
1;0.998498498498498;0.939583333333333;0.973581973581974;"C0333463_C0011389"
0.981060606060606;0.965909090909091;1;0.978571428571429;"C0008778_C0015422"
0.979259259259259;0.920359052711994;0.96170280107612;0.868898749495764;"C0221971_C0018120"
0.990853658536585;0.992481203007519;0.976470588235294;0.975806451612903;"C0324740_C0027960"
1;1;0.993055555555556;0.966044142614601;"C0333463_C0011389"
0.993872549019608;0.981792717086835;0.998015873015873;0.908991228070176;"C0008778_C0015422"
0.931763285024155;0.928656597774245;0.923831070889894;0.845950345950346;"C0221971_C0018120"
1;0.992179863147605;0.966129032258064;0.936666666666667;"C0324740_C0027960"
0.998310810810811;1;0.986175115207373;0.979285714285714;"C0333463_C0011389"
0.966463414634146;0.995502248875562;0.970223325062035;0.869047619047619;"C0008778_C0015422"
0.954400450365922;0.959939531368103;0.871087636932707;0.869770580296896;"C0221971_C0018120"
0.992857142857143;1;0.963744232036915;0.96547619047619;"C0324740_C0027960"
1;1;0.941287878787879;0.944235588972431;"C0333463_C0011389"
1;0.968531468531469;0.984162895927602;0.943609022556391;"C0008778_C0015422"
0.990338164251208;0.971830985915493;0.899145299145299;0.870604781997187;"C0221971_C0018120"
0.99812030075188;0.986335403726708;0.993923611111111;0.931129476584022;"C0324740_C0027960"
1;1;0.969079939668175;0.949726231956197;"C0333463_C0011389"
0.96875;0.983928571428571;0.973958333333333;0.930747922437673;"C0008778_C0015422"
0.972914409534128;0.963675213675214;0.885227693446871;0.748;"C0221971_C0018120"
0.98960498960499;0.992307692307692;0.984567901234568;0.913533834586466;"C0324740_C0027960"
0.999145299145299;0.998412698412698;0.943905817174515;0.927731092436975;"C0333463_C0011389"
0.985380116959064;0.921052631578947;0.990625;0.957912457912458;"C0008778_C0015422"
0.97332035053554;0.949581547254542;0.860313815537696;0.860681114551084;"C0221971_C0018120"
1;1;0.962585034013606;0.936507936507937;"C0324740_C0027960"
1;0.996536796536797;0.978319783197832;0.91901166781057;"C0333463_C0011389"
0.980701754385965;1;0.95;0.956521739130435;"C0008778_C0015422"
0.95461879790238;0.928518242740134;0.896409472880061;0.891258445945946;"C0221971_C0018120"
1;0.983974358974359;0.976190476190476;0.923502304147465;"C0324740_C0027960"
1;1;0.985641025641026;0.961389961389961;"C0333463_C0011389"
0.995098039215686;0.944055944055944;0.960170697012802;0.985227272727273;"C0008778_C0015422"
0.978385772913817;0.930941358024691;0.926470588235294;0.808266360505167;"C0221971_C0018120"
0.997863247863248;0.99453125;0.960132890365448;0.954022988505747;"C0324740_C0027960"
1;1;0.995066948555321;0.969172525689562;"C0333463_C0011389"
0.995243757431629;0.995601173020528;0.928030303030303;0.94974358974359;"C0008778_C0015422"
0.976487425884277;0.903868312757202;0.866666666666667;0.89039039039039;"C0221971_C0018120"
0.99910394265233;0.993243243243243;0.953886693017128;0.990196078431373;"C0324740_C0027960"
1;1;0.991208791208791;0.997076023391813;"C0333463_C0011389"
0.989266547406082;0.98970398970399;0.942307692307692;0.958441558441558;"C0008778_C0015422"
0.954844497607656;0.909749670619236;0.895413986304213;0.774953617810761;"C0221971_C0018120"
0.999122807017544;0.998971193415638;0.917953667953668;0.952546296296296;"C0324740_C0027960"
1;0.999228395061728;0.951797385620915;0.985064011379801;"C0333463_C0011389"
0.991087344028521;0.998432601880878;0.998185117967332;0.875308641975309;"C0008778_C0015422"
0.941965043271678;0.930797101449275;0.869990892531876;0.758592132505176;"C0221971_C0018120"
0.997435897435897;0.993170731707317;0.985347985347985;0.955955955955956;"C0324740_C0027960"
0.999183673469388;0.997777777777778;0.989285714285714;0.961538461538462;"C0333463_C0011389"
1;0.930232558139535;0.984722222222222;0.988876529477197;"C0008778_C0015422"
0.971544715447154;0.943453329085696;0.90895008605852;0.852739726027397;"C0221971_C0018120"
1;1;0.955665024630542;0.979289940828402;"C0324740_C0027960"
1;0.998231653404067;0.983064516129032;0.93625730994152;"C0333463_C0011389"
0.987654320987654;0.951951951951952;0.989115646258503;0.902439024390244;"C0008778_C0015422"
0.969983552631579;0.955882352941176;0.82412559618442;0.879904097646033;"C0221971_C0018120"
0.997619047619048;0.986453201970443;0.943722943722944;0.92816091954023;"C0324740_C0027960"
1;0.999358151476252;0.955108359133127;0.986111111111111;"C0333463_C0011389"
0.984496124031008;0.995238095238095;0.987603305785124;0.952380952380952;"C0008778_C0015422"
0.982983682983683;0.942650103519669;0.900606060606061;0.789490345045901;"C0221971_C0018120"
1;1;0.975877192982456;0.960597826086957;"C0324740_C0027960"
1;1;0.980631276901004;0.986147186147186;"C0333463_C0011389"
0.988297872340426;0.987854251012146;0.994285714285714;0.959459459459459;"C0008778_C0015422"
0.98836032388664;0.948330965909091;0.936996336996337;0.827160493827161;"C0221971_C0018120"
0.995675675675676;0.990804597701149;0.955555555555555;0.923130193905817;"C0324740_C0027960"
1;0.996732026143791;0.977044476327116;0.944117647058824;"C0333463_C0011389"
0.974418604651163;0.965440356744705;0.914634146341463;0.877333333333333;"C0008778_C0015422"
0.947108066971081;0.899605929817977;0.842074363992172;0.862369337979094;"C0221971_C0018120"
0.99922480620155;0.999007936507937;0.962350780532599;0.991228070175439;"C0324740_C0027960"
1;1;0.998404255319149;0.933455433455433;"C0333463_C0011389"
0.983585858585859;0.945714285714286;0.918918918918919;0.852130325814536;"C0008778_C0015422"
0.959773863883453;0.914634146341463;0.887683823529412;0.815198315198315;"C0221971_C0018120"
0.997883597883598;0.987080103359173;0.970982142857143;0.986506746626687;"C0324740_C0027960"
1;1;0.983408748114631;0.923831070889894;"C0333463_C0011389"
0.976190476190476;0.972488038277512;0.962337662337662;0.976588628762542;"C0008778_C0015422"
0.955263157894737;0.93703007518797;0.890746934225195;0.88788752703677;"C0221971_C0018120"
0.99862258953168;0.985853227232538;0.991013071895425;0.912186379928315;"C0324740_C0027960"
1;1;0.997076023391813;0.9640625;"C0333463_C0011389"
0.995604395604396;0.930059523809524;0.950127877237852;0.948960302457467;"C0008778_C0015422"
0.947761194029851;0.936551724137931;0.823226544622426;0.853011329755516;"C0221971_C0018120"
1;0.993827160493827;0.980897009966777;0.973958333333333;"C0324740_C0027960"
1;0.9975;0.991886409736308;0.985221674876847;"C0333463_C0011389"
0.988835725677831;0.979700854700855;0.949786324786325;0.962242562929062;"C0008778_C0015422"
0.976535087719298;0.92359025692359;0.891586360266864;0.802029136316337;"C0221971_C0018120"
1;0.996066089693155;0.982608695652174;0.884173297966401;"C0324740_C0027960"
1;0.998979591836735;0.985253456221198;0.968567251461988;"C0333463_C0011389"
0.96814404432133;0.992610837438424;0.993055555555556;0.991452991452991;"C0008778_C0015422"
0.951248313090418;0.933108108108108;0.884018264840183;0.856316297010608;"C0221971_C0018120"
0.998496240601504;1;0.950187969924812;0.963786008230453;"C0324740_C0027960"
1;0.998577524893314;0.999227799227799;0.913372093023256;"C0333463_C0011389"
1;0.985294117647059;0.987654320987654;0.932178932178932;"C0008778_C0015422"
0.958513708513709;0.938356164383562;0.879202279202279;0.826470588235294;"C0221971_C0018120"
1;0.995535714285714;0.894796380090498;0.904166666666667;"C0324740_C0027960"
1;0.996969696969697;0.947403024326101;0.976851851851852;"C0333463_C0011389"
0.983091787439613;0.982373678025852;0.933760683760684;0.957264957264957;"C0008778_C0015422"
0.938920225624496;0.914001421464108;0.912554112554113;0.826757369614513;"C0221971_C0018120"
1;0.996794871794872;0.953086419753086;0.891248391248391;"C0324740_C0027960"
1;1;0.990015360983103;0.945378151260504;"C0333463_C0011389"
0.998998998998999;0.985227272727273;0.935222672064777;0.997432605905006;"C0008778_C0015422"
0.974424552429668;0.934432234432234;0.862437633642195;0.832275132275132;"C0221971_C0018120"
1;0.994694960212202;0.971428571428571;0.940277777777778;"C0324740_C0027960"
1;1;0.974305555555556;0.977920227920228;"C0333463_C0011389"
0.944940476190476;0.954415954415954;0.955665024630542;0.922077922077922;"C0008778_C0015422"
0.967920929426045;0.9765625;0.815942028985507;0.850594553126199;"C0221971_C0018120"
1;0.998;0.964976958525346;0.963888888888889;"C0324740_C0027960"
1;0.997435897435897;0.988486842105263;0.96900826446281;"C0333463_C0011389"
1;0.953089244851259;0.92797783933518;0.766381766381766;"C0008778_C0015422"
0.960242851547199;0.909671361502347;0.912792792792793;0.835820895522388;"C0221971_C0018120"
0.995670995670996;0.999122807017544;0.962915601023018;0.891707317073171;"C0324740_C0027960"
1;1;0.98493543758967;0.968518518518519;"C0333463_C0011389"
0.992727272727273;0.952380952380952;0.958485958485958;0.919354838709677;"C0008778_C0015422"
0.975510204081633;0.93008658008658;0.929721362229102;0.902224943866095;"C0221971_C0018120"
1;0.9825;0.980392156862745;0.925806451612903;"C0324740_C0027960"
0.999287749287749;0.997435897435897;0.951635846372688;0.909821428571429;"C0333463_C0011389"
0.980555555555556;0.947368421052632;0.948717948717949;0.99198717948718;"C0008778_C0015422"
0.961785341095686;0.951398532037294;0.92650462962963;0.856150793650794;"C0221971_C0018120"
0.998015873015873;1;0.980066445182724;0.954219525648097;"C0324740_C0027960"
1;1;0.982352941176471;0.959649122807018;"C0333463_C0011389"
0.975260416666667;0.935714285714286;0.992914979757085;0.9375;"C0008778_C0015422"
0.950734463276836;0.9547422274695;0.940967283072546;0.901408450704225;"C0221971_C0018120"
1;0.996848739495798;0.982905982905983;0.964527027027027;"C0324740_C0027960"
1;1;0.964285714285714;0.929956222639149;"C0333463_C0011389"
1;0.936;0.985380116959064;0.919753086419753;"C0008778_C0015422"
0.943137254901961;0.900131694468832;0.923177083333333;0.849480968858132;"C0221971_C0018120"
0.998910675381264;0.997678018575851;0.91304347826087;0.952631578947368;"C0324740_C0027960"
1;1;0.949066213921901;0.939814814814815;"C0333463_C0011389"
0.975260416666667;0.983539094650206;0.968367346938775;0.878671775223499;"C0008778_C0015422"
0.983429991714996;0.946666666666667;0.863819500402901;0.810862773371786;"C0221971_C0018120"
0.999358151476252;1;0.950226244343891;0.902380952380952;"C0324740_C0027960"
1;0.99940511600238;0.991512345679012;0.967105263157895;"C0333463_C0011389"
0.975757575757576;0.983739837398374;0.996666666666667;0.926997245179063;"C0008778_C0015422"
0.974977168949772;0.912957074721781;0.874864572047671;0.858359133126935;"C0221971_C0018120"
0.997;0.993;0.97032967032967;0.928994082840237;"C0324740_C0027960"
1;1;0.992685475444096;0.986100386100386;"C0333463_C0011389"
0.997222222222222;1;0.990222222222222;0.985227272727273;"C0008778_C0015422"
0.976160825475894;0.939171559034573;0.896042924211938;0.824657534246575;"C0221971_C0018120"
0.998885172798216;0.987179487179487;0.976670201484624;0.908080808080808;"C0324740_C0027960"
1;0.98989898989899;0.959146341463415;0.95;"C0333463_C0011389"
0.998639455782313;0.970819304152638;0.994310099573257;0.94974358974359;"C0008778_C0015422"
0.971291866028708;0.950696864111498;0.905253283302064;0.803454437164979;"C0221971_C0018120"
1;0.997466216216216;0.967967967967968;0.938995215311005;"C0324740_C0027960"
1;0.995102040816326;0.964285714285714;0.940340909090909;"C0333463_C0011389"
0.983739837398374;0.972727272727273;0.97979797979798;0.889880952380952;"C0008778_C0015422"
0.956935817805383;0.91996336996337;0.908433734939759;0.810280950910775;"C0221971_C0018120"
1;0.989861751152074;0.958708708708709;0.967226890756303;"C0324740_C0027960"
1;0.994047619047619;0.977027027027027;0.934022257551669;"C0333463_C0011389"
0.98469387755102;0.989795918367347;0.96625;0.94320987654321;"C0008778_C0015422"
0.952693125442948;0.969287949921753;0.917057569296375;0.805762852404643;"C0221971_C0018120"
0.997518610421836;1;0.948571428571429;0.954261954261954;"C0324740_C0027960"
1;1;0.953929539295393;0.969610636277303;"C0333463_C0011389"
0.976744186046512;0.975429975429975;0.936141304347826;0.901587301587302;"C0008778_C0015422"
0.948599923283468;0.949152542372881;0.895312171536683;0.796752738654147;"C0221971_C0018120"
0.99324831207802;0.995674740484429;0.95;0.925287356321839;"C0324740_C0027960"
1;1;0.987889273356401;0.929898648648649;"C0333463_C0011389"
0.991836734693878;0.962918660287081;0.995337995337995;0.977058029689609;"C0008778_C0015422"
0.964122635355512;0.928362573099415;0.878470824949698;0.854529616724739;"C0221971_C0018120"
0.996301775147929;0.996651785714286;0.967857142857143;0.963513513513514;"C0324740_C0027960"
1;1;0.976061776061776;0.973090277777778;"C0333463_C0011389"
